{"auc-mean": [0.5105421077137968, 0.5180322573476134, 0.5197815771746834, 0.5209433194173272], "auc-stdv": [0.05386590573039496, 0.07116419902621138, 0.07379941395465729, 0.07056295998108629]}